packetNo,delay,isWrong,repeats
1,70,0,0
2,44,0,0
3,42,0,0
4,43,0,0
5,43,0,0
6,41,0,0
7,42,0,0
8,43,0,0
9,43,0,0
10,42,0,0
11,42,0,0
12,42,0,0
13,42,0,0
14,42,0,0
15,41,0,0
16,42,0,0
17,43,0,0
18,42,0,0
19,42,0,0
20,42,0,0
21,42,0,0
22,41,0,0
23,42,0,0
24,43,0,0
25,42,0,0
26,43,0,0
27,43,0,0
28,43,0,0
29,44,0,0
30,42,0,0
31,41,0,0
32,42,0,0
33,42,0,0
34,42,0,0
35,41,0,0
36,43,0,0
37,42,0,0
38,43,0,0
39,40,0,0
40,43,0,0
41,42,0,0
42,41,0,0
43,44,0,0
44,42,0,0
45,42,0,0
46,42,0,0
47,42,0,0
48,42,0,0
49,43,0,0
50,41,0,0
51,42,0,0
52,42,0,0
53,42,0,0
54,43,0,0
55,41,0,0
56,44,0,0
57,43,0,0
58,40,0,0
59,42,0,0
60,43,0,0
61,40,0,0
62,43,0,0
63,44,0,0
64,42,0,0
65,43,0,0
66,42,0,0
67,42,0,0
68,42,0,0
69,42,0,0
70,41,0,0
71,43,0,0
72,44,0,0
73,41,0,0
74,43,0,0
75,43,0,0
76,41,0,0
77,41,0,0
78,41,0,0
79,42,0,0
80,41,0,0
81,41,0,0
82,41,0,0
83,43,0,0
84,43,0,0
85,42,0,0
86,41,0,0
87,43,0,0
88,41,0,0
89,41,0,0
90,43,0,0
91,41,0,0
92,43,0,0
93,42,0,0
94,42,0,0
95,42,0,0
96,43,0,0
97,44,0,0
98,42,0,0
99,41,0,0
100,42,0,0
101,43,0,0
102,45,0,0
103,42,0,0
104,42,0,0
105,42,0,0
106,41,0,0
107,43,0,0
108,41,0,0
109,42,0,0
110,42,0,0
111,41,0,0
112,43,0,0
113,43,0,0
114,43,0,0
115,41,0,0
116,42,0,0
117,42,0,0
118,45,0,0
119,50,0,0
120,49,0,0
121,48,0,0
122,50,0,0
123,50,0,0
124,49,0,0
125,48,0,0
126,52,0,0
127,49,0,0
128,51,0,0
129,49,0,0
130,47,0,0
131,49,0,0
132,50,0,0
133,49,0,0
134,51,0,0
135,49,0,0
136,50,0,0
137,49,0,0
138,48,0,0
139,49,0,0
140,49,0,0
141,48,0,0
142,49,0,0
143,49,0,0
144,48,0,0
145,48,0,0
146,50,0,0
147,48,0,0
148,50,0,0
149,49,0,0
150,53,0,0
151,51,0,0
152,50,0,0
153,49,0,0
154,50,0,0
155,48,0,0
156,49,0,0
157,52,0,0
158,48,0,0
159,50,0,0
160,49,0,0
161,50,0,0
162,51,0,0
163,48,0,0
164,50,0,0
165,49,0,0
166,49,0,0
167,49,0,0
168,48,0,0
169,51,0,0
170,49,0,0
171,48,0,0
172,49,0,0
173,50,0,0
174,49,0,0
175,49,0,0
176,47,0,0
177,50,0,0
178,49,0,0
179,49,0,0
180,50,0,0
181,49,0,0
182,50,0,0
183,49,0,0
184,48,0,0
185,47,0,0
186,50,0,0
187,49,0,0
188,48,0,0
189,49,0,0
190,50,0,0
191,47,0,0
192,51,0,0
193,49,0,0
194,50,0,0
195,48,0,0
196,49,0,0
197,49,0,0
198,50,0,0
199,49,0,0
200,49,0,0
201,49,0,0
202,48,0,0
203,48,0,0
204,49,0,0
205,50,0,0
206,50,0,0
207,48,0,0
208,48,0,0
209,48,0,0
210,50,0,0
211,49,0,0
212,49,0,0
213,49,0,0
214,50,0,0
215,50,0,0
216,50,0,0
217,50,0,0
218,51,0,0
219,50,0,0
220,47,0,0
221,50,0,0
222,49,0,0
223,49,0,0
224,49,0,0
225,49,0,0
226,48,0,0
227,49,0,0
228,50,0,0
229,51,0,0
230,50,0,0
231,50,0,0
232,49,0,0
233,50,0,0
234,49,0,0
235,49,0,0
236,49,0,0
237,49,0,0
238,49,0,0
239,49,0,0
240,51,0,0
241,50,0,0
242,49,0,0
243,48,0,0
244,48,0,0
245,50,0,0
246,48,0,0
247,51,0,0
248,48,0,0
249,47,0,0
250,48,0,0
251,52,0,0
252,51,0,0
253,51,0,0
254,49,0,0
255,50,0,0
256,50,0,0
257,50,0,0
258,50,0,0
259,50,0,0
260,49,0,0
261,47,0,0
262,49,0,0
263,50,0,0
264,51,0,0
265,51,0,0
266,49,0,0
267,50,0,0
268,50,0,0
269,50,0,0
270,52,0,0
271,51,0,0
272,49,0,0
273,49,0,0
274,50,0,0
275,48,0,0
276,53,0,0
277,50,0,0
278,48,0,0
279,51,0,0
280,48,0,0
281,49,0,0
282,49,0,0
283,49,0,0
284,49,0,0
285,48,0,0
286,49,0,0
287,48,0,0
288,47,0,0
289,49,0,0
290,49,0,0
291,50,0,0
292,51,0,0
293,48,0,0
294,49,0,0
295,49,0,0
296,48,0,0
297,50,0,0
298,49,0,0
299,48,0,0
300,51,0,0
301,50,0,0
302,49,0,0
303,49,0,0
304,51,0,0
305,50,0,0
306,47,0,0
307,52,0,0
308,52,0,0
309,49,0,0
310,48,0,0
311,43,0,0
312,43,0,0
313,44,0,0
314,42,0,0
315,43,0,0
316,46,0,0
317,43,0,0
318,42,0,0
319,42,0,0
320,41,0,0
321,42,0,0
322,42,0,0
323,41,0,0
324,45,0,0
325,45,0,0
326,42,0,0
327,43,0,0
328,42,0,0
329,43,0,0
330,41,0,0
331,42,0,0
332,42,0,0
333,43,0,0
334,51,0,0
335,41,0,0
336,42,0,0
337,42,0,0
338,42,0,0
339,42,0,0
340,42,0,0
341,42,0,0
342,45,0,0
343,41,0,0
344,42,0,0
345,44,0,0
346,49,0,0
347,50,0,0
348,49,0,0
349,50,0,0
350,49,0,0
351,50,0,0
352,51,0,0
353,50,0,0
354,50,0,0
355,49,0,0
356,51,0,0
357,51,0,0
358,48,0,0
359,51,0,0
360,50,0,0
361,49,0,0
362,51,0,0
363,49,0,0
364,50,0,0
365,48,0,0
366,50,0,0
367,49,0,0
368,49,0,0
369,49,0,0
370,49,0,0
371,49,0,0
372,49,0,0
373,50,0,0
374,48,0,0
375,48,0,0
376,50,0,0
377,49,0,0
378,49,0,0
379,51,0,0
380,48,0,0
381,49,0,0
382,49,0,0
383,48,0,0
384,49,0,0
385,50,0,0
386,48,0,0
387,49,0,0
388,49,0,0
389,51,0,0
390,48,0,0
391,50,0,0
392,49,0,0
393,48,0,0
394,48,0,0
395,50,0,0
396,50,0,0
397,50,0,0
398,51,0,0
399,50,0,0
400,49,0,0
401,50,0,0
402,50,0,0
403,50,0,0
404,49,0,0
405,50,0,0
406,50,0,0
407,50,0,0
408,49,0,0
409,49,0,0
410,50,0,0
411,49,0,0
412,50,0,0
413,48,0,0
414,49,0,0
415,52,0,0
416,49,0,0
417,53,0,0
418,49,0,0
419,48,0,0
420,51,0,0
421,50,0,0
422,51,0,0
423,49,0,0
424,49,0,0
425,51,0,0
426,49,0,0
427,49,0,0
428,52,0,0
429,49,0,0
430,51,0,0
431,48,0,0
432,50,0,0
433,50,0,0
434,51,0,0
435,48,0,0
436,48,0,0
437,48,0,0
438,50,0,0
439,49,0,0
440,48,0,0
441,50,0,0
442,49,0,0
443,48,0,0
444,49,0,0
445,48,0,0
446,48,0,0
447,50,0,0
448,50,0,0
449,48,0,0
450,49,0,0
451,51,0,0
452,51,0,0
453,48,0,0
454,48,0,0
455,49,0,0
456,50,0,0
457,50,0,0
458,50,0,0
459,51,0,0
460,50,0,0
461,49,0,0
462,49,0,0
463,50,0,0
464,49,0,0
465,50,0,0
466,48,0,0
467,48,0,0
468,50,0,0
469,50,0,0
470,51,0,0
471,47,0,0
472,47,0,0
473,49,0,0
474,48,0,0
475,48,0,0
476,53,0,0
477,51,0,0
478,50,0,0
479,49,0,0
480,51,0,0
481,48,0,0
482,50,0,0
483,49,0,0
484,51,0,0
485,49,0,0
486,47,0,0
487,48,0,0
488,48,0,0
489,49,0,0
490,48,0,0
491,51,0,0
492,48,0,0
493,48,0,0
494,49,0,0
495,50,0,0
496,47,0,0
497,51,0,0
498,53,0,0
499,50,0,0
500,49,0,0
501,53,0,0
502,49,0,0
503,49,0,0
504,48,0,0
505,49,0,0
506,49,0,0
507,49,0,0
508,48,0,0
509,48,0,0
510,50,0,0
511,50,0,0
512,51,0,0
513,51,0,0
514,50,0,0
515,50,0,0
516,50,0,0
517,50,0,0
518,50,0,0
519,50,0,0
520,49,0,0
521,51,0,0
522,51,0,0
523,49,0,0
524,48,0,0
525,49,0,0
526,50,0,0
527,48,0,0
528,50,0,0
529,49,0,0
530,51,0,0
531,48,0,0
532,48,0,0
533,51,0,0
534,52,0,0
535,49,0,0
536,50,0,0
537,49,0,0
538,48,0,0
539,50,0,0
540,48,0,0
541,48,0,0
542,49,0,0
543,50,0,0
544,48,0,0
545,51,0,0
546,49,0,0
547,50,0,0
548,50,0,0
549,49,0,0
550,50,0,0
551,50,0,0
552,50,0,0
553,48,0,0
554,49,0,0
555,50,0,0
556,50,0,0
557,51,0,0
558,49,0,0
559,49,0,0
560,47,0,0
561,50,0,0
562,48,0,0
563,47,0,0
564,51,0,0
565,49,0,0
566,50,0,0
567,50,0,0
568,48,0,0
569,51,0,0
570,49,0,0
571,48,0,0
572,49,0,0
573,49,0,0
574,49,0,0
575,48,0,0
576,49,0,0
577,52,0,0
578,49,0,0
579,49,0,0
580,48,0,0
581,49,0,0
582,50,0,0
583,50,0,0
584,51,0,0
585,50,0,0
586,50,0,0
587,50,0,0
588,49,0,0
589,50,0,0
590,48,0,0
591,50,0,0
592,48,0,0
593,48,0,0
594,48,0,0
595,49,0,0
596,49,0,0
597,50,0,0
598,48,0,0
599,49,0,0
600,48,0,0
601,48,0,0
602,55,0,0
603,50,0,0
604,50,0,0
605,49,0,0
606,49,0,0
607,50,0,0
608,49,0,0
609,48,0,0
610,48,0,0
611,49,0,0
612,48,0,0
613,48,0,0
614,51,0,0
615,50,0,0
616,48,0,0
617,49,0,0
618,49,0,0
619,49,0,0
620,50,0,0
621,49,0,0
622,50,0,0
623,50,0,0
624,48,0,0
625,50,0,0
626,50,0,0
627,49,0,0
628,49,0,0
629,48,0,0
630,49,0,0
631,49,0,0
632,49,0,0
633,49,0,0
634,49,0,0
635,47,0,0
636,48,0,0
637,50,0,0
638,49,0,0
639,49,0,0
640,48,0,0
641,48,0,0
642,50,0,0
643,49,0,0
644,47,0,0
645,52,0,0
646,48,0,0
647,50,0,0
648,49,0,0
649,49,0,0
650,52,0,0
651,50,0,0
652,48,0,0
653,50,0,0
654,48,0,0
655,50,0,0
656,49,0,0
657,49,0,0
658,52,0,0
659,48,0,0
660,50,0,0
661,48,0,0
662,55,0,0
663,48,0,0
664,51,0,0
665,50,0,0
666,47,0,0
667,48,0,0
668,50,0,0
669,50,0,0
670,50,0,0
671,51,0,0
672,49,0,0
673,49,0,0
674,49,0,0
675,51,0,0
676,49,0,0
677,48,0,0
678,49,0,0
679,49,0,0
680,49,0,0
681,51,0,0
682,49,0,0
683,47,0,0
684,49,0,0
685,49,0,0
686,49,0,0
687,50,0,0
688,50,0,0
689,52,0,0
690,50,0,0
691,47,0,0
692,50,0,0
693,52,0,0
694,51,0,0
695,50,0,0
696,50,0,0
697,49,0,0
698,49,0,0
699,48,0,0
700,48,0,0
701,49,0,0
702,49,0,0
703,49,0,0
704,51,0,0
705,50,0,0
706,51,0,0
707,49,0,0
708,50,0,0
709,49,0,0
710,49,0,0
711,50,0,0
712,49,0,0
713,49,0,0
714,48,0,0
715,49,0,0
716,49,0,0
717,48,0,0
718,49,0,0
719,49,0,0
720,49,0,0
721,49,0,0
722,49,0,0
723,49,0,0
724,49,0,0
725,49,0,0
726,49,0,0
727,50,0,0
728,51,0,0
729,48,0,0
730,51,0,0
731,49,0,0
732,49,0,0
733,49,0,0
734,49,0,0
735,49,0,0
736,50,0,0
737,48,0,0
738,49,0,0
739,49,0,0
740,49,0,0
741,49,0,0
742,51,0,0
743,49,0,0
744,48,0,0
745,49,0,0
746,49,0,0
747,49,0,0
748,51,0,0
749,49,0,0
750,50,0,0
751,49,0,0
752,48,0,0
753,49,0,0
754,49,0,0
755,49,0,0
756,49,0,0
757,49,0,0
758,49,0,0
759,48,0,0
760,49,0,0
761,49,0,0
762,49,0,0
763,49,0,0
764,49,0,0
765,49,0,0
766,49,0,0
767,48,0,0
768,49,0,0
769,49,0,0
770,49,0,0
771,49,0,0
772,49,0,0
773,49,0,0
774,49,0,0
775,48,0,0
776,49,0,0
777,49,0,0
778,49,0,0
779,51,0,0
780,49,0,0
781,49,0,0
782,48,0,0
783,49,0,0
784,49,0,0
785,51,0,0
786,49,0,0
787,49,0,0
788,49,0,0
789,49,0,0
790,48,0,0
791,49,0,0
792,49,0,0
793,49,0,0
794,49,0,0
795,49,0,0
796,49,0,0
797,52,0,0
798,48,0,0
799,49,0,0
800,49,0,0
801,49,0,0
802,49,0,0
803,53,0,0
804,49,0,0
805,48,0,0
806,49,0,0
807,49,0,0
808,49,0,0
809,49,0,0
810,49,0,0
811,49,0,0
812,49,0,0
813,48,0,0
814,49,0,0
815,49,0,0
816,49,0,0
817,49,0,0
818,49,0,0
819,50,0,0
820,57,0,0
821,56,0,0
822,56,0,0
823,56,0,0
824,56,0,0
825,56,0,0
826,58,0,0
827,55,0,0
828,56,0,0
829,56,0,0
830,56,0,0
831,56,0,0
832,56,0,0
833,56,0,0
834,55,0,0
835,56,0,0
836,57,0,0
837,56,0,0
838,56,0,0
839,56,0,0
840,55,0,0
841,56,0,0
842,56,0,0
843,56,0,0
844,56,0,0
845,56,0,0
846,56,0,0
847,55,0,0
848,56,0,0
849,56,0,0
850,56,0,0
851,56,0,0
852,56,0,0
853,56,0,0
854,56,0,0
855,56,0,0
856,60,0,0
857,56,0,0
858,56,0,0
859,56,0,0
860,55,0,0
861,56,0,0
862,60,0,0
863,56,0,0
864,56,0,0
865,56,0,0
866,56,0,0
867,55,0,0
868,56,0,0
869,56,0,0
870,56,0,0
871,56,0,0
872,56,0,0
873,56,0,0
874,58,0,0
875,56,0,0
876,56,0,0
877,56,0,0
878,56,0,0
879,56,0,0
880,55,0,0
881,56,0,0
882,56,0,0
883,56,0,0
884,56,0,0
885,56,0,0
886,59,0,0
887,55,0,0
888,56,0,0
889,56,0,0
890,56,0,0
891,56,0,0
892,56,0,0
893,56,0,0
894,55,0,0
895,56,0,0
896,56,0,0
897,56,0,0
898,56,0,0
899,56,0,0
900,53,0,0
901,49,0,0
902,49,0,0
903,49,0,0
904,49,0,0
905,49,0,0
906,49,0,0
907,49,0,0
908,48,0,0
909,49,0,0
910,49,0,0
911,51,0,0
912,50,0,0
913,49,0,0
914,50,0,0
915,49,0,0
916,49,0,0
917,51,0,0
918,49,0,0
919,49,0,0
920,49,0,0
921,48,0,0
922,51,0,0
923,49,0,0
924,47,0,0
925,48,0,0
926,50,0,0
927,51,0,0
928,51,0,0
929,49,0,0
930,49,0,0
931,48,0,0
932,49,0,0
933,49,0,0
934,51,0,0
935,48,0,0
936,50,0,0
937,49,0,0
938,49,0,0
939,48,0,0
940,52,0,0
941,51,0,0
942,49,0,0
943,48,0,0
944,51,0,0
945,50,0,0
946,54,0,0
947,49,0,0
948,49,0,0
949,49,0,0
950,49,0,0
951,50,0,0
952,52,0,0
953,49,0,0
954,48,0,0
955,51,0,0
956,49,0,0
957,51,0,0
958,52,0,0
959,49,0,0
960,48,0,0
961,50,0,0
962,50,0,0
963,48,0,0
964,53,0,0
965,49,0,0
966,47,0,0
967,49,0,0
968,49,0,0
969,49,0,0
970,53,0,0
971,50,0,0
972,51,0,0
973,49,0,0
974,48,0,0
975,47,0,0
976,49,0,0
977,48,0,0
978,50,0,0
979,49,0,0
980,50,0,0
981,49,0,0
982,49,0,0
983,50,0,0
984,50,0,0
985,47,0,0
986,50,0,0
987,48,0,0
988,52,0,0
989,51,0,0
990,49,0,0
991,50,0,0
992,48,0,0
993,52,0,0
994,49,0,0
995,49,0,0
996,47,0,0
997,49,0,0
998,50,0,0
999,51,0,0
1000,50,0,0
1001,49,0,0
1002,48,0,0
1003,49,0,0
1004,49,0,0
1005,49,0,0
1006,50,0,0
1007,49,0,0
1008,50,0,0
1009,48,0,0
1010,50,0,0
1011,50,0,0
1012,55,0,0
1013,50,0,0
1014,50,0,0
1015,49,0,0
1016,50,0,0
1017,47,0,0
1018,48,0,0
1019,49,0,0
1020,49,0,0
1021,50,0,0
1022,50,0,0
1023,46,0,0
1024,52,0,0
1025,49,0,0
1026,50,0,0
1027,47,0,0
1028,49,0,0
1029,50,0,0
1030,49,0,0
1031,50,0,0
1032,47,0,0
1033,48,0,0
1034,48,0,0
1035,49,0,0
1036,53,0,0
1037,48,0,0
1038,49,0,0
1039,50,0,0
1040,49,0,0
1041,51,0,0
1042,49,0,0
1043,47,0,0
1044,52,0,0
1045,50,0,0
1046,49,0,0
1047,50,0,0
1048,49,0,0
1049,50,0,0
1050,48,0,0
1051,51,0,0
1052,49,0,0
1053,48,0,0
1054,49,0,0
1055,49,0,0
1056,49,0,0
1057,48,0,0
1058,47,0,0
1059,49,0,0
1060,55,0,0
1061,49,0,0
1062,49,0,0
1063,48,0,0
1064,49,0,0
1065,50,0,0
1066,54,0,0
1067,50,0,0
1068,47,0,0
1069,49,0,0
1070,48,0,0
1071,47,0,0
1072,54,0,0
1073,50,0,0
1074,50,0,0
1075,47,0,0
1076,50,0,0
1077,48,0,0
1078,48,0,0
1079,51,0,0
1080,50,0,0
1081,48,0,0
1082,52,0,0
1083,48,0,0
1084,54,0,0
1085,50,0,0
1086,50,0,0
1087,49,0,0
1088,49,0,0
1089,50,0,0
1090,53,0,0
1091,48,0,0
1092,50,0,0
1093,50,0,0
1094,48,0,0
1095,49,0,0
1096,50,0,0
1097,50,0,0
1098,51,0,0
1099,49,0,0
1100,49,0,0
1101,49,0,0
1102,53,0,0
1103,48,0,0
1104,51,0,0
1105,51,0,0
1106,49,0,0
1107,48,0,0
1108,54,0,0
1109,49,0,0
1110,50,0,0
1111,48,0,0
1112,51,0,0
1113,48,0,0
1114,54,0,0
1115,50,0,0
1116,50,0,0
1117,49,0,0
1118,47,0,0
1119,50,0,0
1120,49,0,0
1121,48,0,0
1122,49,0,0
1123,51,0,0
1124,49,0,0
1125,49,0,0
1126,49,0,0
1127,49,0,0
1128,48,0,0
1129,49,0,0
1130,50,0,0
1131,48,0,0
1132,54,0,0
1133,51,0,0
1134,50,0,0
1135,48,0,0
1136,49,0,0
1137,50,0,0
1138,53,0,0
1139,51,0,0
1140,50,0,0
1141,51,0,0
1142,50,0,0
1143,48,0,0
1144,54,0,0
1145,51,0,0
1146,49,0,0
1147,49,0,0
1148,48,0,0
1149,51,0,0
1150,50,0,0
1151,50,0,0
1152,50,0,0
1153,49,0,0
1154,50,0,0
1155,49,0,0
1156,49,0,0
1157,48,0,0
1158,50,0,0
1159,49,0,0
1160,51,0,0
1161,50,0,0
1162,49,0,0
1163,50,0,0
1164,52,0,0
1165,48,0,0
1166,49,0,0
1167,48,0,0
1168,53,0,0
1169,50,0,0
1170,48,0,0
1171,48,0,0
1172,48,0,0
1173,49,0,0
1174,49,0,0
1175,48,0,0
1176,48,0,0
1177,49,0,0
1178,47,0,0
1179,49,0,0
1180,49,0,0
1181,46,0,0
1182,52,0,0
1183,48,0,0
1184,50,0,0
1185,47,0,0
1186,54,0,0
1187,50,0,0
1188,49,0,0
1189,49,0,0
1190,49,0,0
1191,49,0,0
1192,53,0,0
1193,50,0,0
1194,49,0,0
1195,50,0,0
1196,49,0,0
1197,58,0,0
1198,50,0,0
1199,52,0,0
1200,49,0,0
1201,50,0,0
1202,48,0,0
1203,50,0,0
1204,49,0,0
1205,51,0,0
1206,52,0,0
1207,50,0,0
1208,50,0,0
1209,49,0,0
1210,48,0,0
1211,50,0,0
1212,51,0,0
1213,48,0,0
1214,50,0,0
1215,51,0,0
1216,57,0,0
1217,50,0,0
1218,50,0,0
1219,51,0,0
1220,51,0,0
1221,51,0,0
1222,50,0,0
1223,49,0,0
1224,49,0,0
1225,51,0,0
1226,50,0,0
1227,50,0,0
1228,50,0,0
1229,49,0,0
1230,48,0,0
1231,50,0,0
1232,50,0,0
1233,50,0,0
1234,50,0,0
1235,52,0,0
1236,50,0,0
1237,49,0,0
1238,49,0,0
1239,49,0,0
1240,49,0,0
1241,49,0,0
1242,49,0,0
1243,48,0,0
1244,49,0,0
1245,50,0,0
1246,49,0,0
1247,51,0,0
1248,51,0,0
1249,51,0,0
1250,48,0,0
1251,50,0,0
1252,50,0,0
1253,51,0,0
1254,49,0,0
1255,52,0,0
1256,50,0,0
1257,49,0,0
1258,50,0,0
1259,48,0,0
1260,50,0,0
1261,49,0,0
1262,51,0,0
1263,50,0,0
1264,49,0,0
1265,54,0,0
1266,49,0,0
1267,50,0,0
1268,50,0,0
1269,49,0,0
1270,48,0,0
1271,48,0,0
1272,50,0,0
1273,48,0,0
1274,49,0,0
1275,48,0,0
1276,42,0,0
1277,41,0,0
1278,42,0,0
1279,42,0,0
1280,42,0,0
1281,42,0,0
1282,44,0,0
1283,43,0,0
1284,42,0,0
1285,43,0,0
1286,46,0,0
1287,41,0,0
1288,42,0,0
1289,43,0,0
1290,43,0,0
1291,43,0,0
1292,42,0,0
1293,43,0,0
1294,43,0,0
1295,41,0,0
1296,44,0,0
1297,42,0,0
1298,44,0,0
1299,43,0,0
1300,42,0,0
1301,42,0,0
1302,42,0,0
1303,41,0,0
1304,41,0,0
1305,44,0,0
1306,41,0,0
1307,50,0,0
1308,42,0,0
1309,42,0,0
1310,44,0,0
1311,43,0,0
1312,43,0,0
1313,43,0,0
1314,41,0,0
1315,44,0,0
1316,57,0,0
1317,56,0,0
1318,55,0,0
1319,58,0,0
1320,56,0,0
1321,57,0,0
1322,57,0,0
1323,57,0,0
1324,56,0,0
1325,57,0,0
1326,57,0,0
1327,55,0,0
1328,61,0,0
1329,56,0,0
1330,56,0,0
1331,56,0,0
1332,56,0,0
1333,57,0,0
1334,55,0,0
1335,56,0,0
1336,57,0,0
1337,55,0,0
1338,60,0,0
1339,57,0,0
1340,55,0,0
1341,56,0,0
1342,58,0,0
1343,58,0,0
1344,56,0,0
1345,55,0,0
1346,55,0,0
1347,58,0,0
1348,56,0,0
1349,60,0,0
1350,58,0,0
1351,56,0,0
1352,55,0,0
1353,57,0,0
1354,57,0,0
1355,57,0,0
1356,56,0,0
1357,57,0,0
1358,56,0,0
1359,57,0,0
1360,56,0,0
1361,56,0,0
1362,54,0,0
1363,55,0,0
1364,55,0,0
1365,57,0,0
1366,56,0,0
1367,48,0,0
1368,42,0,0
1369,43,0,0
1370,47,0,0
1371,42,0,0
1372,42,0,0
1373,42,0,0
1374,42,0,0
1375,44,0,0
1376,43,0,0
1377,41,0,0
1378,42,0,0
1379,42,0,0
1380,43,0,0
1381,43,0,0
1382,46,0,0
1383,43,0,0
1384,42,0,0
1385,44,0,0
1386,42,0,0
1387,44,0,0
1388,42,0,0
1389,41,0,0
1390,42,0,0
1391,44,0,0
1392,42,0,0
1393,44,0,0
1394,42,0,0
1395,43,0,0
1396,43,0,0
1397,42,0,0
1398,45,0,0
1399,41,0,0
1400,42,0,0
1401,42,0,0
1402,43,0,0
1403,42,0,0
1404,43,0,0
1405,41,0,0
1406,41,0,0
1407,41,0,0
1408,42,0,0
1409,42,0,0
1410,42,0,0
1411,43,0,0
1412,42,0,0
1413,41,0,0
1414,42,0,0
1415,42,0,0
1416,46,0,0
1417,42,0,0
1418,42,0,0
1419,43,0,0
1420,43,0,0
1421,41,0,0
1422,44,0,0
1423,44,0,0
1424,42,0,0
1425,40,0,0
1426,43,0,0
1427,44,0,0
1428,43,0,0
1429,44,0,0
1430,41,0,0
1431,42,0,0
1432,40,0,0
1433,44,0,0
1434,44,0,0
1435,42,0,0
1436,42,0,0
1437,40,0,0
1438,44,0,0
1439,43,0,0
1440,41,0,0
1441,41,0,0
1442,43,0,0
1443,42,0,0
1444,41,0,0
1445,43,0,0
1446,42,0,0
1447,43,0,0
1448,47,0,0
1449,44,0,0
1450,43,0,0
1451,41,0,0
1452,42,0,0
1453,42,0,0
1454,42,0,0
1455,42,0,0
1456,43,0,0
1457,41,0,0
1458,45,0,0
1459,43,0,0
1460,43,0,0
1461,42,0,0
1462,42,0,0
1463,42,0,0
1464,42,0,0
1465,42,0,0
1466,40,0,0
1467,41,0,0
1468,42,0,0
1469,43,0,0
1470,41,0,0
1471,45,0,0
1472,43,0,0
1473,41,0,0
1474,42,0,0
1475,41,0,0
1476,43,0,0
1477,42,0,0
1478,41,0,0
1479,42,0,0
1480,42,0,0
1481,42,0,0
1482,42,0,0
1483,47,0,0
1484,41,0,0
1485,41,0,0
1486,41,0,0
1487,42,0,0
1488,41,0,0
1489,42,0,0
1490,43,0,0
1491,43,0,0
1492,41,0,0
1493,42,0,0
1494,43,0,0
1495,43,0,0
1496,41,0,0
1497,42,0,0
1498,44,0,0
1499,44,0,0
1500,43,0,0
1501,43,0,0
1502,41,0,0
1503,42,0,0
1504,42,0,0
1505,42,0,0
1506,45,0,0
1507,42,0,0
1508,42,0,0
1509,46,0,0
1510,50,0,0
1511,50,0,0
1512,48,0,0
1513,49,0,0
1514,49,0,0
1515,49,0,0
1516,54,0,0
1517,48,0,0
1518,49,0,0
1519,47,0,0
1520,50,0,0
1521,50,0,0
1522,50,0,0
1523,49,0,0
1524,48,0,0
1525,49,0,0
1526,47,0,0
1527,51,0,0
1528,48,0,0
1529,48,0,0
1530,50,0,0
1531,50,0,0
1532,50,0,0
1533,48,0,0
1534,49,0,0
1535,47,0,0
1536,50,0,0
1537,50,0,0
1538,48,0,0
1539,50,0,0
1540,50,0,0
1541,47,0,0
1542,50,0,0
1543,50,0,0
1544,50,0,0
1545,48,0,0
1546,49,0,0
1547,50,0,0
1548,51,0,0
1549,50,0,0
1550,48,0,0
1551,50,0,0
1552,49,0,0
1553,49,0,0
1554,50,0,0
1555,50,0,0
1556,50,0,0
1557,57,0,0
1558,50,0,0
1559,49,0,0
1560,50,0,0
1561,49,0,0
1562,49,0,0
1563,47,0,0
1564,49,0,0
1565,50,0,0
1566,49,0,0
1567,51,0,0
1568,49,0,0
1569,51,0,0
1570,50,0,0
1571,50,0,0
1572,50,0,0
1573,50,0,0
1574,51,0,0
1575,48,0,0
1576,49,0,0
1577,49,0,0
1578,49,0,0
1579,51,0,0
1580,50,0,0
1581,49,0,0
1582,50,0,0
1583,49,0,0
1584,51,0,0
1585,49,0,0
1586,50,0,0
1587,50,0,0
1588,52,0,0
1589,49,0,0
1590,52,0,0
1591,50,0,0
1592,49,0,0
1593,48,0,0
1594,50,0,0
1595,50,0,0
1596,50,0,0
1597,48,0,0
1598,50,0,0
1599,50,0,0
1600,49,0,0
1601,48,0,0
1602,49,0,0
1603,49,0,0
1604,52,0,0
1605,49,0,0
1606,49,0,0
1607,49,0,0
1608,52,0,0
1609,48,0,0
1610,49,0,0
1611,49,0,0
1612,48,0,0
1613,50,0,0
1614,48,0,0
1615,49,0,0
1616,49,0,0
1617,49,0,0
1618,52,0,0
1619,49,0,0
1620,48,0,0
1621,47,0,0
1622,49,0,0
1623,52,0,0
1624,48,0,0
1625,48,0,0
1626,50,0,0
1627,49,0,0
1628,55,0,0
1629,47,0,0
1630,48,0,0
1631,50,0,0
1632,50,0,0
1633,49,0,0
1634,49,0,0
1635,46,0,0
1636,41,0,0
1637,41,0,0
1638,42,0,0
1639,48,0,0
1640,41,0,0
1641,43,0,0
1642,40,0,0
1643,41,0,0
1644,43,0,0
1645,42,0,0
1646,43,0,0
1647,42,0,0
1648,43,0,0
1649,42,0,0
1650,42,0,0
1651,41,0,0
1652,42,0,0
1653,43,0,0
1654,42,0,0
1655,42,0,0
1656,42,0,0
1657,42,0,0
1658,42,0,0
1659,41,0,0
1660,45,0,0
1661,42,0,0
1662,42,0,0
1663,42,0,0
1664,43,0,0
1665,42,0,0
1666,41,0,0
1667,43,0,0
1668,43,0,0
1669,43,0,0
1670,43,0,0
1671,40,0,0
1672,44,0,0
1673,42,0,0
1674,43,0,0
1675,42,0,0
1676,41,0,0
1677,43,0,0
1678,41,0,0
1679,42,0,0
1680,44,0,0
1681,43,0,0
1682,43,0,0
1683,42,0,0
1684,42,0,0
1685,42,0,0
1686,41,0,0
1687,44,0,0
1688,43,0,0
1689,41,0,0
1690,42,0,0
1691,42,0,0
1692,43,0,0
1693,42,0,0
1694,48,0,0
1695,42,0,0
1696,43,0,0
1697,42,0,0
1698,43,0,0
1699,43,0,0
1700,42,0,0
1701,40,0,0
1702,41,0,0
1703,42,0,0
1704,42,0,0
1705,48,0,0
1706,45,0,0
1707,42,0,0
1708,41,0,0
1709,41,0,0
1710,42,0,0
1711,43,0,0
1712,43,0,0
1713,41,0,0
1714,42,0,0
1715,41,0,0
1716,43,0,0
1717,42,0,0
1718,43,0,0
1719,44,0,0
1720,43,0,0
1721,43,0,0
1722,43,0,0
1723,42,0,0
1724,43,0,0
1725,45,0,0
1726,41,0,0
1727,46,0,0
1728,41,0,0
1729,44,0,0
1730,43,0,0
1731,42,0,0
1732,42,0,0
1733,42,0,0
1734,43,0,0
1735,41,0,0
1736,42,0,0
1737,44,0,0
1738,46,0,0
1739,41,0,0
1740,43,0,0
1741,44,0,0
1742,42,0,0
1743,43,0,0
1744,42,0,0
1745,41,0,0
1746,44,0,0
1747,44,0,0
1748,42,0,0
1749,42,0,0
1750,43,0,0
1751,42,0,0
1752,44,0,0
1753,42,0,0
1754,43,0,0
1755,43,0,0
1756,43,0,0
1757,43,0,0
1758,42,0,0
1759,46,0,0
1760,43,0,0
1761,44,0,0
1762,43,0,0
1763,43,0,0
1764,43,0,0
1765,44,0,0
1766,43,0,0
1767,41,0,0
1768,41,0,0
1769,43,0,0
1770,46,0,0
1771,42,0,0
1772,41,0,0
1773,42,0,0
1774,42,0,0
1775,44,0,0
1776,42,0,0
1777,42,0,0
1778,42,0,0
1779,43,0,0
1780,42,0,0
1781,49,0,0
1782,49,0,0
1783,50,0,0
1784,50,0,0
1785,48,0,0
1786,49,0,0
1787,50,0,0
1788,50,0,0
1789,49,0,0
1790,55,0,0
1791,47,0,0
1792,50,0,0
1793,50,0,0
1794,51,0,0
1795,50,0,0
1796,51,0,0
1797,47,0,0
1798,49,0,0
1799,49,0,0
1800,54,0,0
1801,50,0,0
1802,48,0,0
1803,49,0,0
1804,49,0,0
1805,49,0,0
1806,50,0,0
1807,49,0,0
1808,49,0,0
1809,54,0,0
1810,49,0,0
1811,51,0,0
1812,50,0,0
1813,50,0,0
1814,49,0,0
1815,48,0,0
1816,50,0,0
1817,48,0,0
1818,49,0,0
1819,51,0,0
1820,50,0,0
1821,48,0,0
1822,50,0,0
1823,49,0,0
1824,51,0,0
1825,51,0,0
1826,49,0,0
1827,56,0,0
1828,49,0,0
1829,50,0,0
1830,49,0,0
1831,49,0,0
1832,50,0,0
1833,50,0,0
1834,51,0,0
1835,51,0,0
1836,48,0,0
1837,55,0,0
1838,47,0,0
1839,49,0,0
1840,48,0,0
1841,49,0,0
1842,48,0,0
1843,49,0,0
1844,51,0,0
1845,50,0,0
1846,49,0,0
1847,49,0,0
1848,48,0,0
1849,48,0,0
1850,50,0,0
1851,50,0,0
1852,49,0,0
1853,48,0,0
1854,51,0,0
1855,47,0,0
1856,52,0,0
1857,48,0,0
1858,41,0,0
1859,43,0,0
1860,42,0,0
1861,41,0,0
1862,41,0,0
1863,42,0,0
1864,44,0,0
1865,42,0,0
1866,45,0,0
1867,43,0,0
1868,48,0,0
1869,41,0,0
1870,42,0,0
1871,42,0,0
1872,43,0,0
1873,42,0,0
1874,42,0,0
1875,42,0,0
1876,46,0,0
1877,41,0,0
1878,42,0,0
1879,42,0,0
1880,42,0,0
1881,42,0,0
1882,41,0,0
1883,43,0,0
1884,41,0,0
1885,42,0,0
1886,41,0,0
1887,45,0,0
1888,43,0,0
1889,41,0,0
1890,41,0,0
1891,43,0,0
1892,42,0,0
1893,44,0,0
1894,43,0,0
1895,42,0,0
1896,42,0,0
1897,41,0,0
1898,47,0,0
1899,41,0,0
1900,42,0,0
1901,43,0,0
1902,41,0,0
1903,42,0,0
1904,42,0,0
1905,40,0,0
1906,42,0,0
1907,41,0,0
1908,41,0,0
1909,43,0,0
1910,43,0,0
1911,42,0,0
1912,42,0,0
1913,42,0,0
1914,41,0,0
1915,41,0,0
1916,43,0,0
1917,42,0,0
1918,43,0,0
1919,47,0,0
1920,42,0,0
1921,43,0,0
1922,41,0,0
1923,41,0,0
1924,42,0,0
1925,43,0,0
1926,42,0,0
1927,43,0,0
1928,41,0,0
1929,46,0,0
1930,45,0,0
1931,41,0,0
1932,42,0,0
1933,42,0,0
1934,41,0,0
1935,43,0,0
1936,42,0,0
1937,43,0,0
1938,41,0,0
1939,41,0,0
1940,42,0,0
1941,43,0,0
1942,48,0,0
1943,49,0,0
1944,49,0,0
1945,49,0,0
1946,48,0,0
1947,48,0,0
1948,49,0,0
1949,52,0,0
1950,49,0,0
1951,49,0,0
1952,49,0,0
1953,49,0,0
1954,48,0,0
1955,48,0,0
1956,50,0,0
1957,51,0,0
1958,49,0,0
1959,50,0,0
1960,48,0,0
1961,49,0,0
1962,50,0,0
1963,50,0,0
1964,48,0,0
1965,49,0,0
1966,50,0,0
1967,52,0,0
1968,49,0,0
1969,50,0,0
1970,50,0,0
1971,50,0,0
1972,48,0,0
1973,50,0,0
1974,49,0,0
1975,52,0,0
1976,49,0,0
1977,48,0,0
1978,48,0,0
1979,48,0,0
1980,49,0,0
1981,51,0,0
1982,48,0,0
1983,48,0,0
1984,48,0,0
1985,53,0,0
1986,50,0,0
1987,49,0,0
1988,48,0,0
1989,49,0,0
1990,49,0,0
1991,50,0,0
1992,50,0,0
1993,49,0,0
1994,56,0,0
1995,49,0,0
1996,49,0,0
1997,49,0,0
1998,47,0,0
1999,48,0,0
2000,50,0,0
2001,51,0,0
2002,49,0,0
2003,53,0,0
2004,49,0,0
2005,50,0,0
2006,48,0,0
2007,47,0,0
2008,50,0,0
2009,49,0,0
2010,50,0,0
2011,49,0,0
2012,54,0,0
2013,50,0,0
2014,49,0,0
2015,48,0,0
2016,50,0,0
2017,48,0,0
2018,47,0,0
2019,50,0,0
2020,50,0,0
2021,54,0,0
2022,48,0,0
2023,50,0,0
2024,50,0,0
2025,48,0,0
2026,50,0,0
2027,47,0,0
2028,48,0,0
2029,49,0,0
2030,51,0,0
2031,50,0,0
2032,50,0,0
2033,49,0,0
2034,48,0,0
2035,51,0,0
2036,49,0,0
2037,49,0,0
2038,49,0,0
2039,50,0,0
2040,49,0,0
2041,49,0,0
2042,49,0,0
2043,50,0,0
2044,50,0,0
2045,48,0,0
2046,49,0,0
2047,42,0,0
2048,45,0,0
2049,42,0,0
2050,43,0,0
2051,41,0,0
2052,42,0,0
2053,42,0,0
2054,42,0,0
2055,43,0,0
2056,42,0,0
2057,42,0,0
2058,43,0,0
2059,42,0,0
2060,43,0,0
2061,40,0,0
2062,40,0,0
2063,45,0,0
2064,43,0,0
2065,42,0,0
2066,45,0,0
2067,41,0,0
2068,48,0,0
2069,42,0,0
2070,43,0,0
2071,41,0,0
2072,41,0,0
2073,43,0,0
2074,41,0,0
2075,43,0,0
2076,42,0,0
2077,44,0,0
2078,42,0,0
2079,42,0,0
2080,43,0,0
2081,43,0,0
2082,41,0,0
2083,42,0,0
2084,42,0,0
2085,41,0,0
2086,42,0,0
2087,42,0,0
2088,42,0,0
2089,42,0,0
2090,42,0,0
2091,42,0,0
2092,40,0,0
2093,42,0,0
2094,43,0,0
2095,42,0,0
2096,43,0,0
2097,42,0,0
2098,43,0,0
2099,42,0,0
2100,42,0,0
2101,42,0,0
2102,45,0,0
2103,43,0,0
2104,41,0,0
2105,41,0,0
2106,42,0,0
2107,42,0,0
2108,42,0,0
2109,42,0,0
2110,42,0,0
2111,42,0,0
2112,42,0,0
2113,41,0,0
2114,42,0,0
2115,41,0,0
2116,43,0,0
2117,42,0,0
2118,42,0,0
2119,42,0,0
2120,42,0,0
2121,43,0,0
2122,41,0,0
2123,42,0,0
2124,43,0,0
2125,42,0,0
2126,43,0,0
2127,42,0,0
2128,43,0,0
2129,42,0,0
2130,43,0,0
2131,43,0,0
2132,42,0,0
2133,42,0,0
2134,43,0,0
2135,41,0,0
2136,41,0,0
2137,40,0,0
2138,43,0,0
2139,43,0,0
2140,44,0,0
2141,41,0,0
2142,42,0,0
2143,42,0,0
2144,42,0,0
2145,41,0,0
2146,44,0,0
2147,44,0,0
2148,50,0,0
2149,47,0,0
2150,50,0,0
2151,49,0,0
2152,49,0,0
2153,48,0,0
2154,49,0,0
2155,49,0,0
2156,48,0,0
2157,50,0,0
2158,49,0,0
2159,50,0,0
2160,49,0,0
2161,49,0,0
2162,49,0,0
2163,49,0,0
2164,50,0,0
2165,48,0,0
2166,49,0,0
2167,49,0,0
2168,54,0,0
2169,50,0,0
2170,48,0,0
2171,49,0,0
2172,49,0,0
2173,49,0,0
2174,49,0,0
2175,49,0,0
2176,53,0,0
2177,49,0,0
2178,49,0,0
2179,51,0,0
2180,50,0,0
2181,49,0,0
2182,49,0,0
2183,52,0,0
2184,49,0,0
2185,50,0,0
2186,48,0,0
2187,50,0,0
2188,50,0,0
2189,50,0,0
2190,50,0,0
2191,48,0,0
2192,49,0,0
2193,49,0,0
2194,54,0,0
2195,48,0,0
2196,51,0,0
2197,49,0,0
2198,50,0,0
2199,50,0,0
2200,50,0,0
2201,49,0,0
2202,47,0,0
2203,49,0,0
2204,51,0,0
2205,49,0,0
2206,50,0,0
2207,48,0,0
2208,50,0,0
2209,49,0,0
2210,50,0,0
2211,54,0,0
2212,49,0,0
2213,49,0,0
2214,49,0,0
2215,48,0,0
2216,50,0,0
2217,49,0,0
2218,49,0,0
2219,51,0,0
2220,49,0,0
2221,49,0,0
2222,50,0,0
2223,48,0,0
2224,49,0,0
2225,48,0,0
2226,49,0,0
2227,50,0,0
2228,50,0,0
2229,49,0,0
2230,50,0,0
2231,50,0,0
2232,49,0,0
2233,51,0,0
2234,49,0,0
2235,50,0,0
2236,46,0,0
2237,42,0,0
2238,42,0,0
2239,43,0,0
2240,41,0,0
2241,42,0,0
2242,43,0,0
2243,42,0,0
2244,41,0,0
2245,41,0,0
2246,47,0,0
2247,42,0,0
2248,42,0,0
2249,42,0,0
2250,42,0,0
2251,43,0,0
2252,44,0,0
2253,42,0,0
2254,42,0,0
2255,42,0,0
2256,46,0,0
2257,42,0,0
2258,41,0,0
2259,43,0,0
2260,42,0,0
2261,42,0,0
2262,41,0,0
2263,42,0,0
2264,43,0,0
2265,42,0,0
2266,43,0,0
2267,44,0,0
2268,42,0,0
2269,42,0,0
2270,43,0,0
2271,42,0,0
2272,42,0,0
2273,41,0,0
2274,43,0,0
2275,46,0,0
2276,42,0,0
2277,42,0,0
2278,43,0,0
2279,42,0,0
2280,44,0,0
2281,41,0,0
2282,45,0,0
2283,42,0,0
2284,44,0,0
2285,47,0,0
2286,44,0,0
2287,41,0,0
2288,42,0,0
2289,42,0,0
2290,42,0,0
2291,42,0,0
2292,42,0,0
2293,42,0,0
2294,45,0,0
2295,40,0,0
2296,44,0,0
2297,43,0,0
2298,42,0,0
2299,42,0,0
2300,43,0,0
2301,43,0,0
2302,42,0,0
2303,41,0,0
2304,45,0,0
2305,42,0,0
2306,43,0,0
2307,43,0,0
2308,42,0,0
2309,42,0,0
2310,44,0,0
2311,42,0,0
2312,42,0,0
2313,41,0,0
2314,43,0,0
2315,43,0,0
2316,49,0,0
2317,49,0,0
2318,49,0,0
2319,49,0,0
2320,48,0,0
2321,49,0,0
2322,49,0,0
2323,49,0,0
2324,48,0,0
2325,48,0,0
2326,47,0,0
2327,48,0,0
2328,49,0,0
2329,49,0,0
2330,49,0,0
2331,48,0,0
2332,54,0,0
2333,49,0,0
2334,50,0,0
2335,51,0,0
2336,50,0,0
2337,49,0,0
2338,50,0,0
2339,49,0,0
2340,50,0,0
2341,48,0,0
2342,48,0,0
2343,49,0,0
2344,49,0,0
2345,49,0,0
2346,48,0,0
2347,54,0,0
2348,50,0,0
2349,50,0,0
2350,50,0,0
2351,49,0,0
2352,49,0,0
2353,47,0,0
2354,50,0,0
2355,50,0,0
2356,49,0,0
2357,50,0,0
2358,50,0,0
2359,49,0,0
2360,48,0,0
2361,48,0,0
2362,51,0,0
2363,50,0,0
2364,50,0,0
2365,51,0,0
2366,49,0,0
2367,52,0,0
2368,51,0,0
2369,49,0,0
2370,50,0,0
2371,48,0,0
2372,53,0,0
2373,50,0,0
2374,49,0,0
2375,49,0,0
2376,49,0,0
2377,50,0,0
2378,50,0,0
2379,49,0,0
2380,53,0,0
2381,49,0,0
2382,49,0,0
2383,49,0,0
2384,48,0,0
2385,49,0,0
2386,49,0,0
2387,49,0,0
2388,50,0,0
2389,48,0,0
2390,49,0,0
2391,50,0,0
2392,48,0,0
2393,41,0,0
2394,43,0,0
2395,43,0,0
2396,43,0,0
2397,48,0,0
2398,42,0,0
2399,42,0,0
2400,41,0,0
2401,43,0,0
2402,42,0,0
2403,44,0,0
2404,43,0,0
2405,43,0,0
2406,44,0,0
2407,42,0,0
2408,43,0,0
2409,42,0,0
2410,42,0,0
2411,43,0,0
2412,44,0,0
2413,43,0,0
2414,41,0,0
2415,43,0,0
2416,42,0,0
2417,43,0,0
2418,43,0,0
2419,42,0,0
2420,41,0,0
2421,43,0,0
2422,41,0,0
2423,42,0,0
2424,43,0,0
2425,44,0,0
2426,43,0,0
2427,41,0,0
2428,42,0,0
2429,41,0,0
2430,41,0,0
2431,42,0,0
2432,41,0,0
2433,42,0,0
2434,49,0,0
2435,43,0,0
2436,43,0,0
2437,43,0,0
2438,45,0,0
2439,43,0,0
2440,40,0,0
2441,43,0,0
2442,41,0,0
2443,42,0,0
2444,45,0,0
2445,41,0,0
2446,42,0,0
2447,42,0,0
2448,41,0,0
2449,41,0,0
2450,53,0,0
2451,56,0,0
2452,56,0,0
2453,55,0,0
2454,57,0,0
2455,56,0,0
2456,55,0,0
2457,55,0,0
2458,56,0,0
2459,59,0,0
2460,57,0,0
2461,56,0,0
2462,57,0,0
2463,54,0,0
2464,56,0,0
2465,56,0,0
2466,56,0,0
2467,56,0,0
2468,59,0,0
2469,57,0,0
2470,56,0,0
2471,56,0,0
2472,58,0,0
2473,56,0,0
2474,58,0,0
2475,57,0,0
2476,60,0,0
2477,56,0,0
2478,58,0,0
2479,55,0,0
2480,56,0,0
2481,56,0,0
2482,55,0,0
2483,56,0,0
2484,56,0,0
2485,55,0,0
2486,58,0,0
2487,55,0,0
2488,57,0,0
2489,57,0,0
2490,55,0,0
2491,60,0,0
2492,56,0,0
2493,56,0,0
2494,56,0,0
2495,54,0,0
2496,55,0,0
2497,56,0,0
2498,55,0,0
2499,60,0,0
2500,57,0,0
2501,56,0,0
2502,57,0,0
2503,59,0,0
2504,57,0,0
2505,56,0,0
2506,57,0,0
2507,58,0,0
2508,56,0,0
2509,55,0,0
2510,56,0,0
2511,56,0,0
2512,57,0,0
2513,56,0,0
2514,55,0,0
2515,57,0,0
2516,59,0,0
2517,57,0,0
2518,56,0,0
2519,57,0,0
2520,58,0,0
2521,59,0,0
2522,57,0,0
2523,56,0,0
2524,55,0,0
2525,56,0,0
2526,56,0,0
2527,57,0,0
2528,57,0,0
2529,57,0,0
2530,57,0,0
2531,56,0,0
2532,57,0,0
2533,57,0,0
2534,55,0,0
2535,57,0,0
2536,56,0,0
2537,56,0,0
2538,57,0,0
2539,54,0,0
2540,56,0,0
2541,56,0,0
2542,55,0,0
2543,57,0,0
2544,56,0,0
2545,56,0,0
2546,57,0,0
2547,57,0,0
2548,55,0,0
2549,58,0,0
2550,57,0,0
2551,56,0,0
2552,60,0,0
2553,55,0,0
2554,57,0,0
2555,58,0,0
2556,57,0,0
2557,57,0,0
2558,57,0,0
2559,56,0,0
2560,56,0,0
2561,59,0,0
2562,55,0,0
2563,58,0,0
2564,56,0,0
2565,58,0,0
2566,55,0,0
2567,56,0,0
2568,59,0,0
2569,56,0,0
2570,56,0,0
2571,56,0,0
2572,56,0,0
2573,56,0,0
2574,56,0,0
2575,56,0,0
2576,56,0,0
2577,59,0,0
2578,57,0,0
2579,55,0,0
2580,56,0,0
2581,56,0,0
2582,56,0,0
2583,56,0,0
2584,56,0,0
2585,56,0,0
2586,56,0,0
2587,56,0,0
2588,56,0,0
2589,56,0,0
2590,56,0,0
2591,56,0,0
2592,57,0,0
2593,56,0,0
2594,62,0,0
2595,57,0,0
2596,55,0,0
2597,57,0,0
2598,56,0,0
2599,56,0,0
2600,57,0,0
2601,56,0,0
2602,57,0,0
2603,56,0,0
2604,57,0,0
2605,56,0,0
2606,56,0,0
2607,55,0,0
2608,56,0,0
2609,55,0,0
2610,59,0,0
2611,56,0,0
2612,57,0,0
2613,58,0,0
2614,57,0,0
2615,56,0,0
2616,56,0,0
2617,58,0,0
2618,57,0,0
2619,54,0,0
2620,55,0,0
2621,57,0,0
2622,58,0,0
2623,53,0,0
2624,57,0,0
2625,60,0,0
2626,58,0,0
2627,56,0,0
2628,56,0,0
2629,59,0,0
2630,57,0,0
2631,57,0,0
2632,54,0,0
2633,58,0,0
2634,56,0,0
2635,56,0,0
2636,55,0,0
2637,57,0,0
2638,59,0,0
2639,57,0,0
2640,49,0,0
2641,41,0,0
2642,43,0,0
2643,43,0,0
2644,42,0,0
2645,43,0,0
2646,44,0,0
2647,44,0,0
2648,40,0,0
2649,42,0,0
2650,49,0,0
2651,43,0,0
2652,43,0,0
2653,43,0,0
2654,43,0,0
2655,43,0,0
2656,43,0,0
2657,42,0,0
2658,41,0,0
2659,41,0,0
2660,42,0,0
2661,41,0,0
2662,41,0,0
2663,41,0,0
2664,43,0,0
2665,43,0,0
2666,42,0,0
2667,42,0,0
2668,42,0,0
2669,49,0,0
2670,42,0,0
2671,42,0,0
2672,42,0,0
2673,42,0,0
2674,40,0,0
2675,41,0,0
2676,43,0,0
2677,42,0,0
2678,43,0,0
2679,42,0,0
2680,45,0,0
2681,43,0,0
2682,42,0,0
2683,41,0,0
2684,40,0,0
2685,43,0,0
2686,43,0,0
2687,44,0,0
2688,42,0,0
2689,42,0,0
2690,44,0,0
2691,44,0,0
2692,43,0,0
2693,42,0,0
2694,44,0,0
2695,42,0,0
2696,43,0,0
2697,42,0,0
2698,41,0,0
2699,42,0,0
2700,43,0,0
2701,44,0,0
2702,44,0,0
2703,42,0,0
2704,43,0,0
2705,43,0,0
2706,43,0,0
2707,43,0,0
2708,43,0,0
2709,42,0,0
2710,43,0,0
2711,44,0,0
2712,43,0,0
2713,41,0,0
2714,43,0,0
2715,42,0,0
2716,42,0,0
2717,41,0,0
2718,42,0,0
2719,47,0,0
2720,41,0,0
2721,42,0,0
2722,43,0,0
2723,44,0,0
2724,41,0,0
2725,42,0,0
2726,43,0,0
2727,45,0,0
2728,41,0,0
2729,43,0,0
2730,42,0,0
2731,42,0,0
2732,42,0,0
2733,41,0,0
2734,42,0,0
2735,43,0,0
2736,41,0,0
2737,43,0,0
2738,43,0,0
2739,46,0,0
2740,42,0,0
2741,44,0,0
2742,42,0,0
2743,41,0,0
2744,44,0,0
2745,43,0,0
2746,43,0,0
2747,43,0,0
2748,46,0,0
2749,43,0,0
2750,42,0,0
2751,42,0,0
2752,42,0,0
2753,43,0,0
2754,43,0,0
2755,42,0,0
2756,43,0,0
2757,47,0,0
2758,42,0,0
2759,45,0,0
2760,42,0,0
2761,42,0,0
2762,42,0,0
2763,42,0,0
2764,41,0,0
2765,42,0,0
2766,48,0,0
2767,43,0,0
2768,41,0,0
2769,43,0,0
2770,43,0,0
2771,42,0,0
2772,41,0,0
2773,44,0,0
2774,42,0,0
2775,47,0,0
2776,43,0,0
2777,41,0,0
2778,42,0,0
2779,41,0,0
2780,41,0,0
2781,42,0,0
2782,42,0,0
2783,42,0,0
2784,44,0,0
2785,43,0,0
2786,42,0,0
2787,41,0,0
2788,43,0,0
2789,42,0,0
2790,43,0,0
2791,42,0,0
2792,42,0,0
2793,44,0,0
2794,46,0,0
2795,51,0,0
2796,50,0,0
2797,50,0,0
2798,50,0,0
2799,50,0,0
2800,51,0,0
2801,53,0,0
2802,50,0,0
2803,49,0,0
2804,48,0,0
2805,49,0,0
2806,50,0,0
2807,49,0,0
2808,50,0,0
2809,56,0,0
2810,50,0,0
2811,50,0,0
2812,50,0,0
2813,50,0,0
2814,50,0,0
2815,49,0,0
2816,54,0,0
2817,49,0,0
2818,52,0,0
2819,48,0,0
2820,50,0,0
2821,50,0,0
2822,49,0,0
2823,48,0,0
2824,50,0,0
2825,48,0,0
2826,49,0,0
2827,47,0,0
2828,50,0,0
2829,50,0,0
2830,49,0,0
2831,52,0,0
2832,52,0,0
2833,48,0,0
2834,50,0,0
2835,51,0,0
2836,50,0,0
2837,49,0,0
2838,49,0,0
2839,53,0,0
2840,49,0,0
2841,49,0,0
2842,48,0,0
2843,49,0,0
2844,49,0,0
2845,50,0,0
2846,50,0,0
2847,49,0,0
2848,51,0,0
2849,50,0,0
2850,49,0,0
2851,48,0,0
2852,50,0,0
2853,48,0,0
2854,52,0,0
2855,50,0,0
2856,51,0,0
2857,49,0,0
2858,49,0,0
2859,50,0,0
2860,51,0,0
2861,55,0,0
2862,50,0,0
2863,48,0,0
2864,50,0,0
2865,51,0,0
2866,51,0,0
2867,49,0,0
2868,50,0,0
2869,54,0,0
2870,49,0,0
2871,50,0,0
2872,51,0,0
2873,50,0,0
2874,48,0,0
2875,50,0,0
2876,50,0,0
2877,51,0,0
2878,50,0,0
2879,49,0,0
2880,50,0,0
2881,49,0,0
2882,49,0,0
2883,49,0,0
2884,50,0,0
2885,49,0,0
2886,50,0,0
2887,50,0,0
2888,49,0,0
2889,51,0,0
2890,50,0,0
2891,50,0,0
2892,51,0,0
2893,50,0,0
2894,50,0,0
2895,50,0,0
2896,48,0,0
2897,48,0,0
2898,48,0,0
2899,50,0,0
2900,52,0,0
2901,50,0,0
2902,49,0,0
2903,50,0,0
2904,52,0,0
2905,51,0,0
2906,48,0,0
2907,50,0,0
2908,48,0,0
2909,51,0,0
2910,48,0,0
2911,50,0,0
2912,48,0,0
2913,48,0,0
2914,48,0,0
2915,50,0,0
2916,56,0,0
2917,49,0,0
2918,50,0,0
2919,50,0,0
2920,52,0,0
2921,48,0,0
2922,49,0,0
2923,50,0,0
2924,50,0,0
2925,51,0,0
2926,51,0,0
2927,49,0,0
2928,50,0,0
2929,50,0,0
2930,50,0,0
2931,50,0,0
2932,51,0,0
2933,49,0,0
2934,50,0,0
2935,50,0,0
2936,45,0,0
2937,43,0,0
2938,46,0,0
2939,42,0,0
2940,42,0,0
2941,42,0,0
2942,42,0,0
2943,41,0,0
2944,42,0,0
2945,42,0,0
2946,44,0,0
2947,41,0,0
2948,49,0,0
2949,42,0,0
2950,44,0,0
2951,41,0,0
2952,43,0,0
2953,43,0,0
2954,42,0,0
2955,45,0,0
2956,45,0,0
2957,46,0,0
2958,45,0,0
2959,47,0,0
2960,43,0,0
2961,41,0,0
2962,43,0,0
2963,42,0,0
2964,42,0,0
2965,42,0,0
2966,43,0,0
2967,48,0,0
2968,42,0,0
2969,41,0,0
2970,42,0,0
2971,43,0,0
2972,42,0,0
2973,42,0,0
2974,44,0,0
2975,43,0,0
2976,43,0,0
2977,48,0,0
2978,41,0,0
2979,44,0,0
2980,43,0,0
2981,44,0,0
2982,42,0,0
2983,44,0,0
2984,41,0,0
2985,42,0,0
2986,43,0,0
2987,44,0,0
2988,42,0,0
2989,42,0,0
2990,43,0,0
2991,43,0,0
2992,42,0,0
2993,42,0,0
2994,43,0,0
2995,42,0,0
2996,44,0,0
2997,43,0,0
2998,42,0,0
2999,42,0,0
3000,42,0,0
3001,43,0,0
3002,42,0,0
3003,43,0,0
3004,44,0,0
3005,44,0,0
3006,44,0,0
3007,42,0,0
3008,42,0,0
3009,42,0,0
3010,42,0,0
3011,44,0,0
3012,42,0,0
3013,41,0,0
3014,44,0,0
3015,45,0,0
3016,42,0,0
3017,43,0,0
3018,42,0,0
3019,42,0,0
3020,41,0,0
3021,42,0,0
3022,46,0,0
3023,43,0,0
3024,42,0,0
3025,44,0,0
3026,42,0,0
3027,2999,0,0
3028,164,0,0
3029,42,0,0
3030,41,0,0
3031,48,0,0
3032,43,0,0
3033,43,0,0
3034,42,0,0
3035,43,0,0
3036,51,0,0
3037,49,0,0
3038,50,0,0
3039,54,0,0
3040,49,0,0
3041,49,0,0
3042,49,0,0
3043,49,0,0
3044,49,0,0
3045,48,0,0
3046,50,0,0
3047,54,0,0
3048,49,0,0
3049,49,0,0
3050,49,0,0
3051,50,0,0
3052,48,0,0
3053,49,0,0
3054,51,0,0
3055,55,0,0
3056,47,0,0
3057,50,0,0
3058,50,0,0
3059,49,0,0
3060,52,0,0
3061,49,0,0
3062,49,0,0
3063,48,0,0
3064,50,0,0
3065,50,0,0
3066,51,0,0
3067,48,0,0
3068,50,0,0
3069,49,0,0
3070,50,0,0
3071,50,0,0
3072,49,0,0
3073,49,0,0
3074,51,0,0
3075,50,0,0
3076,50,0,0
3077,55,0,0
3078,49,0,0
3079,48,0,0
3080,51,0,0
3081,50,0,0
3082,48,0,0
3083,49,0,0
3084,50,0,0
3085,54,0,0
3086,49,0,0
3087,52,0,0
3088,49,0,0
3089,50,0,0
3090,49,0,0
3091,48,0,0
3092,50,0,0
3093,51,0,0
3094,49,0,0
3095,50,0,0
3096,48,0,0
3097,50,0,0
3098,52,0,0
3099,49,0,0
3100,53,0,0
3101,48,0,0
3102,48,0,0
3103,50,0,0
3104,50,0,0
3105,50,0,0
3106,49,0,0
3107,49,0,0
3108,50,0,0
3109,49,0,0
3110,49,0,0
3111,50,0,0
3112,50,0,0
3113,49,0,0
3114,50,0,0
3115,52,0,0
3116,50,0,0
3117,49,0,0
3118,49,0,0
3119,50,0,0
3120,49,0,0
3121,47,0,0
3122,49,0,0
3123,57,0,0
3124,50,0,0
3125,50,0,0
3126,50,0,0
3127,49,0,0
3128,49,0,0
3129,49,0,0
3130,53,0,0
3131,48,0,0
3132,49,0,0
3133,49,0,0
3134,48,0,0
3135,49,0,0
3136,49,0,0
3137,49,0,0
3138,47,0,0
3139,41,0,0
3140,42,0,0
3141,42,0,0
3142,42,0,0
3143,44,0,0
3144,41,0,0
3145,42,0,0
3146,45,0,0
3147,42,0,0
3148,42,0,0
3149,43,0,0
3150,42,0,0
3151,42,0,0
3152,42,0,0
3153,42,0,0
3154,46,0,0
3155,42,0,0
3156,42,0,0
3157,41,0,0
3158,42,0,0
3159,42,0,0
3160,41,0,0
3161,42,0,0
3162,43,0,0
3163,43,0,0
3164,43,0,0
3165,42,0,0
3166,42,0,0
3167,42,0,0
3168,44,0,0
3169,43,0,0
3170,43,0,0
3171,44,0,0
3172,42,0,0
3173,43,0,0
3174,42,0,0
3175,43,0,0
3176,43,0,0
3177,43,0,0
3178,42,0,0
3179,43,0,0
3180,44,0,0
3181,48,0,0
3182,42,0,0
3183,42,0,0
3184,41,0,0
3185,43,0,0
3186,41,0,0
3187,44,0,0
3188,42,0,0
3189,41,0,0
3190,47,0,0
3191,42,0,0
3192,41,0,0
3193,42,0,0
3194,42,0,0
3195,42,0,0
3196,42,0,0
3197,42,0,0
3198,45,0,0
3199,42,0,0
3200,42,0,0
3201,42,0,0
3202,42,0,0
3203,44,0,0
3204,44,0,0
3205,44,0,0
3206,59,0,0
3207,55,0,0
3208,59,0,0
3209,56,0,0
3210,57,0,0
3211,56,0,0
3212,64,0,0
3213,56,0,0
3214,57,0,0
3215,57,0,0
3216,56,0,0
3217,55,0,0
3218,58,0,0
3219,61,0,0
3220,55,0,0
3221,57,0,0
3222,60,0,0
3223,57,0,0
3224,56,0,0
3225,61,0,0
3226,56,0,0
3227,55,0,0
3228,43,0,0
3229,41,0,0
3230,42,0,0
3231,43,0,0
3232,45,0,0
3233,46,0,0
3234,42,0,0
3235,43,0,0
3236,43,0,0
3237,43,0,0
3238,42,0,0
3239,41,0,0
3240,43,0,0
3241,42,0,0
3242,43,0,0
3243,43,0,0
3244,41,0,0
3245,43,0,0
3246,43,0,0
3247,42,0,0
3248,42,0,0
3249,42,0,0
3250,43,0,0
3251,41,0,0
3252,42,0,0
3253,41,0,0
3254,42,0,0
3255,43,0,0
3256,43,0,0
3257,42,0,0
3258,48,0,0
3259,41,0,0
3260,42,0,0
3261,42,0,0
3262,42,0,0
3263,42,0,0
3264,43,0,0
3265,44,0,0
3266,43,0,0
3267,49,0,0
3268,43,0,0
3269,43,0,0
3270,41,0,0
3271,43,0,0
3272,42,0,0
3273,41,0,0
3274,43,0,0
3275,48,0,0
3276,41,0,0
3277,42,0,0
3278,43,0,0
3279,42,0,0
3280,42,0,0
3281,41,0,0
3282,41,0,0
3283,50,0,0
3284,41,0,0
3285,43,0,0
3286,42,0,0
3287,42,0,0
3288,42,0,0
3289,42,0,0
3290,42,0,0
3291,41,0,0
3292,47,0,0
3293,43,0,0
3294,43,0,0
3295,43,0,0
3296,41,0,0
3297,41,0,0
3298,42,0,0
3299,42,0,0
3300,40,0,0
3301,43,0,0
3302,43,0,0
3303,41,0,0
3304,43,0,0
3305,43,0,0
3306,43,0,0
3307,42,0,0
3308,41,0,0
3309,43,0,0
3310,42,0,0
3311,42,0,0
3312,42,0,0
3313,42,0,0
3314,42,0,0
3315,41,0,0
3316,42,0,0
3317,44,0,0
3318,42,0,0
3319,43,0,0
3320,43,0,0
3321,44,0,0
3322,41,0,0
3323,45,0,0
3324,44,0,0
3325,41,0,0
3326,42,0,0
3327,43,0,0
3328,42,0,0
3329,43,0,0
3330,43,0,0
3331,43,0,0
3332,41,0,0
3333,42,0,0
3334,46,0,0
3335,42,0,0
3336,41,0,0
3337,42,0,0
3338,42,0,0
3339,42,0,0
3340,42,0,0
3341,42,0,0
3342,42,0,0
3343,44,0,0
3344,42,0,0
3345,43,0,0
3346,42,0,0
3347,43,0,0
3348,42,0,0
3349,42,0,0
3350,42,0,0
3351,43,0,0
3352,41,0,0
3353,41,0,0
3354,42,0,0
3355,48,0,0
3356,49,0,0
3357,49,0,0
3358,49,0,0
3359,55,0,0
3360,50,0,0
3361,49,0,0
3362,48,0,0
3363,50,0,0
3364,48,0,0
3365,50,0,0
3366,49,0,0
3367,49,0,0
3368,50,0,0
3369,49,0,0
3370,47,0,0
3371,49,0,0
3372,51,0,0
3373,50,0,0
3374,49,0,0
3375,49,0,0
3376,49,0,0
3377,51,0,0
3378,51,0,0
3379,49,0,0
3380,50,0,0
3381,51,0,0
3382,49,0,0
3383,49,0,0
3384,50,0,0
3385,49,0,0
3386,48,0,0
3387,55,0,0
3388,52,0,0
3389,50,0,0
3390,50,0,0
3391,48,0,0
3392,48,0,0
3393,49,0,0
3394,54,0,0
3395,51,0,0
3396,50,0,0
3397,51,0,0
3398,49,0,0
3399,48,0,0
3400,49,0,0
3401,55,0,0
3402,48,0,0
3403,50,0,0
3404,53,0,0
3405,49,0,0
3406,49,0,0
3407,51,0,0
3408,53,0,0
3409,50,0,0
3410,52,0,0
3411,50,0,0
3412,49,0,0
3413,50,0,0
3414,49,0,0
3415,51,0,0
3416,48,0,0
3417,50,0,0
3418,47,0,0
3419,49,0,0
3420,49,0,0
3421,49,0,0
3422,53,0,0
3423,50,0,0
3424,48,0,0
3425,51,0,0
3426,49,0,0
3427,50,0,0
3428,50,0,0
3429,55,0,0
3430,50,0,0
3431,49,0,0
3432,51,0,0
3433,50,0,0
3434,49,0,0
3435,49,0,0
3436,50,0,0
3437,50,0,0
3438,49,0,0
3439,49,0,0
3440,49,0,0
3441,50,0,0
3442,48,0,0
3443,52,0,0
3444,49,0,0
3445,50,0,0
3446,49,0,0
3447,50,0,0
3448,49,0,0
3449,50,0,0
3450,50,0,0
3451,49,0,0
3452,48,0,0
3453,49,0,0
3454,50,0,0
3455,49,0,0
3456,50,0,0
3457,57,0,0
3458,50,0,0
3459,50,0,0
3460,50,0,0
3461,49,0,0
3462,50,0,0
3463,50,0,0
3464,54,0,0
3465,49,0,0
3466,49,0,0
3467,49,0,0
3468,50,0,0
3469,47,0,0
3470,50,0,0
3471,53,0,0
3472,49,0,0
3473,49,0,0
3474,49,0,0
3475,49,0,0
3476,50,0,0
3477,50,0,0
3478,48,0,0
3479,49,0,0
3480,50,0,0
3481,50,0,0
3482,50,0,0
3483,50,0,0
3484,49,0,0
3485,47,0,0
3486,49,0,0
3487,48,0,0
3488,50,0,0
3489,49,0,0
3490,49,0,0
3491,52,0,0
3492,49,0,0
3493,49,0,0
3494,50,0,0
3495,49,0,0
3496,49,0,0
3497,50,0,0
3498,51,0,0
3499,50,0,0
3500,50,0,0
3501,50,0,0
3502,50,0,0
3503,50,0,0
3504,51,0,0
3505,52,0,0
3506,49,0,0
3507,49,0,0
3508,49,0,0
3509,48,0,0
3510,49,0,0
3511,49,0,0
3512,55,0,0
3513,48,0,0
3514,49,0,0
3515,48,0,0
3516,50,0,0
3517,49,0,0
3518,51,0,0
3519,47,0,0
3520,49,0,0
3521,49,0,0
3522,49,0,0
3523,50,0,0
3524,49,0,0
3525,54,0,0
3526,50,0,0
3527,48,0,0
3528,49,0,0
3529,50,0,0
3530,49,0,0
3531,49,0,0
3532,56,0,0
3533,50,0,0
3534,49,0,0
3535,48,0,0
3536,49,0,0
3537,51,0,0
3538,49,0,0
3539,50,0,0
3540,48,0,0
3541,50,0,0
3542,48,0,0
3543,51,0,0
3544,50,0,0
3545,51,0,0
3546,50,0,0
3547,49,0,0
3548,49,0,0
3549,49,0,0
3550,50,0,0
3551,49,0,0
3552,49,0,0
3553,51,0,0
3554,50,0,0
3555,49,0,0
3556,49,0,0
3557,49,0,0
3558,50,0,0
3559,48,0,0
3560,52,0,0
3561,49,0,0
3562,50,0,0
3563,50,0,0
3564,49,0,0
3565,48,0,0
3566,49,0,0
3567,56,0,0
3568,49,0,0
3569,50,0,0
3570,48,0,0
3571,48,0,0
3572,49,0,0
3573,50,0,0
3574,53,0,0
3575,48,0,0
3576,49,0,0
3577,50,0,0
3578,48,0,0
3579,48,0,0
3580,51,0,0
3581,50,0,0
3582,49,0,0
3583,52,0,0
3584,49,0,0
3585,49,0,0
3586,49,0,0
3587,49,0,0
3588,58,0,0
3589,50,0,0
3590,50,0,0
3591,52,0,0
3592,50,0,0
3593,47,0,0
3594,42,0,0
3595,48,0,0
3596,43,0,0
3597,42,0,0
3598,43,0,0
3599,44,0,0
3600,42,0,0
3601,42,0,0
3602,42,0,0
3603,42,0,0
3604,47,0,0
3605,42,0,0
3606,42,0,0
3607,42,0,0
3608,43,0,0
3609,42,0,0
3610,42,0,0
3611,42,0,0
3612,47,0,0
3613,45,0,0
3614,41,0,0
3615,43,0,0
3616,41,0,0
3617,42,0,0
3618,43,0,0
3619,43,0,0
3620,42,0,0
3621,42,0,0
3622,41,0,0
3623,42,0,0
3624,42,0,0
3625,43,0,0
3626,43,0,0
3627,43,0,0
3628,41,0,0
3629,44,0,0
3630,42,0,0
3631,42,0,0
3632,44,0,0
3633,43,0,0
3634,42,0,0
3635,42,0,0
3636,44,0,0
3637,46,0,0
3638,42,0,0
3639,41,0,0
3640,41,0,0
3641,40,0,0
3642,43,0,0
3643,42,0,0
3644,42,0,0
3645,51,0,0
3646,42,0,0
3647,42,0,0
3648,41,0,0
3649,42,0,0
3650,42,0,0
3651,43,0,0
3652,43,0,0
3653,43,0,0
3654,46,0,0
3655,42,0,0
3656,41,0,0
3657,42,0,0
3658,42,0,0
3659,42,0,0
3660,42,0,0
3661,42,0,0
3662,42,0,0
3663,48,0,0
3664,43,0,0
3665,42,0,0
3666,42,0,0
3667,44,0,0
3668,43,0,0
3669,42,0,0
3670,42,0,0
3671,42,0,0
3672,44,0,0
3673,41,0,0
3674,44,0,0
3675,41,0,0
3676,41,0,0
3677,42,0,0
3678,43,0,0
3679,46,0,0
3680,43,0,0
3681,42,0,0
3682,42,0,0
3683,42,0,0
3684,42,0,0
3685,42,0,0
3686,42,0,0
3687,42,0,0
3688,44,0,0
3689,41,0,0
3690,42,0,0
3691,42,0,0
3692,42,0,0
3693,42,0,0
3694,42,0,0
3695,43,0,0
3696,43,0,0
3697,42,0,0
3698,43,0,0
3699,44,0,0
3700,43,0,0
3701,43,0,0
3702,43,0,0
3703,44,0,0
3704,44,0,0
3705,43,0,0
3706,41,0,0
3707,43,0,0
3708,41,0,0
3709,43,0,0
3710,42,0,0
3711,49,0,0
3712,42,0,0
3713,42,0,0
3714,42,0,0
3715,44,0,0
3716,41,0,0
3717,43,0,0
3718,44,0,0
3719,50,0,0
3720,42,0,0
3721,42,0,0
3722,42,0,0
3723,43,0,0
3724,42,0,0
3725,42,0,0
3726,43,0,0
3727,45,0,0
3728,43,0,0
3729,42,0,0
3730,42,0,0
3731,51,0,0
3732,42,0,0
3733,43,0,0
3734,41,0,0
3735,55,0,0
3736,49,0,0
3737,49,0,0
3738,47,0,0
3739,50,0,0
3740,51,0,0
3741,49,0,0
3742,55,0,0
3743,49,0,0
3744,49,0,0
3745,49,0,0
3746,51,0,0
3747,49,0,0
3748,50,0,0
3749,57,0,0
3750,47,0,0
3751,53,0,0
3752,49,0,0
3753,48,0,0
3754,49,0,0
3755,50,0,0
3756,52,0,0
3757,51,0,0
3758,49,0,0
3759,49,0,0
3760,48,0,0
3761,47,0,0
3762,43,0,0
3763,47,0,0
3764,40,0,0
3765,40,0,0
3766,42,0,0
3767,41,0,0
3768,43,0,0
3769,44,0,0
3770,41,0,0
3771,45,0,0
3772,43,0,0
3773,41,0,0
3774,42,0,0
3775,43,0,0
3776,42,0,0
3777,42,0,0
3778,42,0,0
3779,50,0,0
3780,43,0,0
3781,42,0,0
3782,40,0,0
3783,42,0,0
3784,41,0,0
3785,42,0,0
3786,40,0,0
3787,45,0,0
3788,43,0,0
3789,44,0,0
3790,43,0,0
3791,42,0,0
3792,43,0,0
3793,43,0,0
3794,41,0,0
3795,45,0,0
3796,43,0,0
3797,43,0,0
3798,40,0,0
3799,44,0,0
3800,40,0,0
3801,43,0,0
3802,42,0,0
3803,45,0,0
3804,41,0,0
3805,44,0,0
3806,42,0,0
3807,43,0,0
3808,41,0,0
3809,46,0,0
3810,42,0,0
3811,45,0,0
3812,43,0,0
3813,43,0,0
3814,44,0,0
3815,42,0,0
3816,42,0,0
3817,42,0,0
3818,43,0,0
3819,48,0,0
3820,41,0,0
3821,42,0,0
3822,44,0,0
3823,42,0,0
3824,43,0,0
3825,43,0,0
3826,41,0,0
3827,45,0,0
3828,42,0,0
3829,42,0,0
3830,41,0,0
3831,43,0,0
3832,42,0,0
3833,44,0,0
3834,41,0,0
3835,47,0,0
3836,43,0,0
3837,42,0,0
3838,41,0,0
3839,42,0,0
3840,42,0,0
3841,42,0,0
3842,44,0,0
3843,46,0,0
3844,43,0,0
3845,41,0,0
3846,42,0,0
3847,45,0,0
3848,43,0,0
3849,43,0,0
3850,41,0,0
3851,48,0,0
3852,42,0,0
3853,42,0,0
3854,43,0,0
3855,42,0,0
3856,41,0,0
3857,43,0,0
3858,43,0,0
3859,43,0,0
3860,42,0,0
3861,43,0,0
3862,42,0,0
3863,43,0,0
3864,42,0,0
3865,42,0,0
3866,43,0,0
3867,49,0,0
3868,42,0,0
3869,41,0,0
3870,44,0,0
3871,43,0,0
3872,43,0,0
3873,43,0,0
3874,43,0,0
3875,40,0,0
3876,44,0,0
3877,46,0,0
3878,40,0,0
3879,43,0,0
3880,43,0,0
3881,43,0,0
3882,43,0,0
3883,43,0,0
3884,41,0,0
3885,47,0,0
3886,46,0,0
3887,49,0,0
3888,49,0,0
3889,49,0,0
3890,50,0,0
3891,49,0,0
3892,53,0,0
3893,50,0,0
3894,49,0,0
3895,49,0,0
3896,49,0,0
3897,49,0,0
3898,48,0,0
3899,50,0,0
3900,49,0,0
3901,48,0,0
3902,50,0,0
3903,49,0,0
3904,51,0,0
3905,49,0,0
3906,52,0,0
3907,49,0,0
3908,48,0,0
3909,48,0,0
3910,49,0,0
3911,49,0,0
3912,49,0,0
3913,54,0,0
3914,51,0,0
3915,50,0,0
3916,50,0,0
3917,48,0,0
3918,49,0,0
3919,49,0,0
3920,49,0,0
3921,49,0,0
3922,49,0,0
3923,49,0,0
3924,50,0,0
3925,48,0,0
3926,49,0,0
3927,55,0,0
3928,49,0,0
3929,51,0,0
3930,49,0,0
3931,48,0,0
3932,49,0,0
3933,53,0,0
3934,50,0,0
3935,50,0,0
3936,49,0,0
3937,50,0,0
3938,50,0,0
3939,48,0,0
3940,53,0,0
3941,48,0,0
3942,48,0,0
3943,48,0,0
3944,49,0,0
3945,49,0,0
3946,50,0,0
3947,54,0,0
3948,49,0,0
3949,49,0,0
3950,51,0,0
3951,50,0,0
3952,50,0,0
3953,49,0,0
3954,56,0,0
3955,51,0,0
3956,48,0,0
3957,50,0,0
3958,52,0,0
3959,51,0,0
3960,53,0,0
3961,48,0,0
3962,51,0,0
3963,48,0,0
3964,48,0,0
3965,49,0,0
3966,50,0,0
3967,50,0,0
3968,48,0,0
3969,49,0,0
3970,49,0,0
3971,50,0,0
3972,50,0,0
3973,50,0,0
3974,52,0,0
3975,49,0,0
3976,50,0,0
3977,51,0,0
3978,49,0,0
3979,52,0,0
3980,51,0,0
3981,55,0,0
3982,51,0,0
3983,50,0,0
3984,50,0,0
3985,49,0,0
3986,49,0,0
3987,57,0,0
3988,49,0,0
3989,49,0,0
3990,42,0,0
3991,41,0,0
3992,43,0,0
3993,41,0,0
3994,44,0,0
3995,49,0,0
3996,45,0,0
3997,42,0,0
3998,42,0,0
3999,42,0,0
4000,42,0,0
4001,43,0,0
4002,41,0,0
4003,42,0,0
4004,47,0,0
4005,41,0,0
4006,43,0,0
4007,41,0,0
4008,44,0,0
4009,43,0,0
4010,42,0,0
4011,42,0,0
4012,48,0,0
4013,43,0,0
4014,41,0,0
4015,41,0,0
4016,44,0,0
4017,43,0,0
4018,42,0,0
4019,43,0,0
4020,41,0,0
4021,43,0,0
4022,42,0,0
4023,40,0,0
4024,44,0,0
4025,42,0,0
4026,41,0,0
4027,41,0,0
4028,43,0,0
4029,49,0,0
4030,42,0,0
4031,42,0,0
4032,45,0,0
4033,42,0,0
4034,42,0,0
4035,45,0,0
4036,45,0,0
4037,43,0,0
4038,43,0,0
4039,42,0,0
4040,44,0,0
4041,43,0,0
4042,42,0,0
4043,43,0,0
4044,47,0,0
4045,42,0,0
4046,43,0,0
4047,43,0,0
4048,44,0,0
4049,43,0,0
4050,42,0,0
4051,44,0,0
4052,43,0,0
4053,51,0,0
4054,42,0,0
4055,43,0,0
4056,52,0,0
4057,43,0,0
4058,43,0,0
4059,41,0,0
4060,47,0,0
4061,41,0,0
4062,44,0,0
4063,43,0,0
4064,42,0,0
4065,44,0,0
4066,41,0,0
4067,42,0,0
4068,44,0,0
4069,44,0,0
4070,42,0,0
4071,44,0,0
4072,42,0,0
4073,42,0,0
4074,44,0,0
4075,43,0,0
4076,43,0,0
4077,43,0,0
4078,43,0,0
4079,45,0,0
4080,43,0,0
4081,42,0,0
4082,43,0,0
4083,42,0,0
4084,42,0,0
4085,49,0,0
4086,43,0,0
4087,41,0,0
4088,43,0,0
4089,42,0,0
4090,42,0,0
4091,42,0,0
4092,46,0,0
4093,43,0,0
4094,41,0,0
4095,41,0,0
4096,42,0,0
4097,42,0,0
4098,47,0,0
4099,50,0,0
4100,50,0,0
4101,50,0,0
4102,49,0,0
4103,49,0,0
4104,49,0,0
4105,50,0,0
4106,56,0,0
4107,50,0,0
4108,50,0,0
4109,48,0,0
4110,51,0,0
4111,49,0,0
4112,49,0,0
4113,55,0,0
4114,48,0,0
4115,49,0,0
4116,51,0,0
4117,48,0,0
4118,49,0,0
4119,52,0,0
4120,49,0,0
4121,50,0,0
4122,49,0,0
4123,48,0,0
4124,49,0,0
4125,49,0,0
4126,53,0,0
4127,49,0,0
4128,49,0,0
4129,48,0,0
4130,51,0,0
4131,50,0,0
4132,49,0,0
4133,50,0,0
4134,50,0,0
4135,49,0,0
4136,50,0,0
4137,49,0,0
4138,49,0,0
4139,49,0,0
4140,52,0,0
4141,48,0,0
4142,49,0,0
4143,51,0,0
4144,51,0,0
4145,49,0,0
4146,53,0,0
4147,49,0,0
4148,49,0,0
4149,48,0,0
4150,49,0,0
4151,49,0,0
4152,50,0,0
4153,55,0,0
4154,50,0,0
4155,47,0,0
4156,48,0,0
4157,51,0,0
4158,49,0,0
4159,63,0,0
4160,57,0,0
4161,50,0,0
4162,50,0,0
4163,50,0,0
4164,49,0,0
4165,50,0,0
4166,63,0,0
4167,52,0,0
4168,49,0,0
4169,51,0,0
4170,49,0,0
4171,48,0,0
4172,56,0,0
4173,48,0,0
4174,50,0,0
4175,50,0,0
4176,49,0,0
4177,49,0,0
4178,49,0,0
4179,48,0,0
4180,50,0,0
4181,51,0,0
4182,50,0,0
4183,48,0,0
4184,48,0,0
4185,55,0,0
4186,54,0,0
4187,56,0,0
4188,56,0,0
4189,56,0,0
4190,56,0,0
4191,62,0,0
4192,57,0,0
4193,56,0,0
4194,56,0,0
4195,55,0,0
4196,61,0,0
4197,56,0,0
4198,55,0,0
4199,58,0,0
4200,56,0,0
4201,55,0,0
4202,61,0,0
4203,55,0,0
4204,56,0,0
4205,57,0,0
4206,57,0,0
4207,57,0,0
4208,57,0,0
4209,54,0,0
4210,55,0,0
4211,57,0,0
4212,59,0,0
4213,62,0,0
4214,56,0,0
4215,55,0,0
4216,58,0,0
4217,56,0,0
4218,56,0,0
4219,57,0,0
4220,55,0,0
4221,56,0,0
4222,56,0,0
4223,55,0,0
4224,56,0,0
4225,61,0,0
4226,55,0,0
4227,57,0,0
4228,56,0,0
4229,59,0,0
4230,56,0,0
4231,55,0,0
4232,56,0,0
4233,56,0,0
4234,56,0,0
4235,57,0,0
4236,60,0,0
4237,56,0,0
4238,57,0,0
4239,56,0,0
4240,56,0,0
4241,56,0,0
4242,47,0,0
4243,42,0,0
4244,41,0,0
4245,43,0,0
4246,42,0,0
4247,42,0,0
4248,43,0,0
4249,41,0,0
4250,47,0,0
4251,43,0,0
4252,42,0,0
4253,42,0,0
4254,42,0,0
4255,43,0,0
4256,42,0,0
4257,43,0,0
4258,43,0,0
4259,42,0,0
4260,42,0,0
4261,42,0,0
4262,41,0,0
4263,42,0,0
4264,42,0,0
4265,47,0,0
4266,41,0,0
4267,44,0,0
4268,42,0,0
4269,42,0,0
4270,43,0,0
4271,42,0,0
4272,43,0,0
4273,44,0,0
4274,44,0,0
4275,42,0,0
4276,43,0,0
4277,42,0,0
4278,42,0,0
4279,42,0,0
4280,51,0,0
4281,42,0,0
4282,42,0,0
4283,42,0,0
4284,41,0,0
4285,41,0,0
4286,42,0,0
4287,42,0,0
4288,50,0,0
4289,41,0,0
4290,42,0,0
4291,43,0,0
4292,49,0,0
4293,48,0,0
4294,49,0,0
4295,53,0,0
4296,48,0,0
4297,49,0,0
4298,47,0,0
4299,49,0,0
4300,50,0,0
4301,49,0,0
4302,55,0,0
4303,49,0,0
4304,49,0,0
4305,50,0,0
4306,50,0,0
4307,50,0,0
4308,57,0,0
4309,49,0,0
4310,48,0,0
4311,50,0,0
4312,49,0,0
4313,49,0,0
4314,57,0,0
4315,49,0,0
4316,49,0,0
4317,50,0,0
4318,50,0,0
4319,50,0,0
4320,50,0,0
4321,53,0,0
4322,49,0,0
4323,49,0,0
4324,49,0,0
4325,49,0,0
4326,48,0,0
4327,49,0,0
4328,50,0,0
4329,49,0,0
4330,49,0,0
4331,49,0,0
4332,49,0,0
4333,48,0,0
4334,56,0,0
4335,52,0,0
4336,49,0,0
4337,52,0,0
4338,52,0,0
4339,48,0,0
4340,48,0,0
4341,55,0,0
4342,49,0,0
4343,48,0,0
4344,49,0,0
4345,49,0,0
4346,50,0,0
4347,49,0,0
4348,54,0,0
4349,50,0,0
4350,48,0,0
4351,49,0,0
4352,49,0,0
4353,49,0,0
4354,49,0,0
4355,50,0,0
4356,50,0,0
4357,48,0,0
4358,49,0,0
4359,48,0,0
4360,51,0,0
4361,50,0,0
4362,50,0,0
4363,49,0,0
4364,49,0,0
4365,48,0,0
4366,50,0,0
4367,56,0,0
4368,49,0,0
4369,47,0,0
4370,49,0,0
4371,51,0,0
4372,48,0,0
4373,3000,0,0
4374,129,0,0
4375,44,0,0
4376,42,0,0
4377,42,0,0
4378,42,0,0
4379,46,0,0
4380,42,0,0
4381,42,0,0
4382,43,0,0
4383,45,0,0
4384,42,0,0
4385,41,0,0
4386,41,0,0
4387,51,0,0
4388,43,0,0
4389,44,0,0
4390,43,0,0
4391,43,0,0
4392,43,0,0
4393,42,0,0
4394,43,0,0
4395,43,0,0
4396,41,0,0
4397,43,0,0
4398,42,0,0
4399,43,0,0
4400,43,0,0
4401,43,0,0
4402,42,0,0
4403,46,0,0
4404,41,0,0
4405,43,0,0
4406,43,0,0
4407,42,0,0
4408,43,0,0
4409,43,0,0
4410,46,0,0
4411,42,0,0
4412,41,0,0
4413,42,0,0
4414,42,0,0
4415,42,0,0
4416,40,0,0
4417,43,0,0
4418,44,0,0
4419,43,0,0
4420,43,0,0
4421,42,0,0
4422,44,0,0
4423,43,0,0
4424,42,0,0
4425,40,0,0
4426,50,0,0
4427,42,0,0
4428,43,0,0
4429,42,0,0
4430,42,0,0
4431,42,0,0
4432,40,0,0
4433,48,0,0
4434,56,0,0
4435,56,0,0
4436,56,0,0
4437,57,0,0
4438,56,0,0
4439,62,0,0
4440,55,0,0
4441,57,0,0
4442,56,0,0
4443,57,0,0
4444,55,0,0
4445,57,0,0
4446,58,0,0
4447,56,0,0
4448,56,0,0
4449,56,0,0
4450,60,0,0
4451,56,0,0
4452,58,0,0
4453,56,0,0
4454,56,0,0
4455,59,0,0
4456,57,0,0
4457,57,0,0
4458,56,0,0
4459,56,0,0
4460,55,0,0
4461,59,0,0
4462,56,0,0
4463,55,0,0
4464,56,0,0
4465,56,0,0
4466,59,0,0
4467,56,0,0
4468,56,0,0
4469,55,0,0
4470,58,0,0
4471,55,0,0
4472,57,0,0
4473,56,0,0
4474,57,0,0
4475,58,0,0
4476,56,0,0
4477,59,0,0
4478,56,0,0
4479,57,0,0
4480,54,0,0
4481,56,0,0
4482,56,0,0
4483,62,0,0
4484,56,0,0
4485,56,0,0
4486,56,0,0
4487,55,0,0
4488,58,0,0
4489,57,0,0
4490,57,0,0
4491,56,0,0
4492,57,0,0
